{"cameraMode":{"drawMode":0,"name":"Shaded","section":"Shading Mode"},"sceneLighting":false,"audioPlay":false,"sceneViewState":{"showFog":true,"showMaterialUpdate":false,"showSkybox":true,"showFlares":true,"showImageEffects":true,"showParticleSystems":true},"in2DMode":false,"pivot":{"x":-5.194664001464844,"y":2.376126289367676,"z":-19.31992530822754},"rotation":{"x":0.05157868564128876,"y":-0.7312204241752625,"z":0.05558094009757042,"w":0.6779407858848572},"size":3.9108245372772219,"orthographic":false}