{"cameraMode":{"drawMode":0,"name":"Shaded","section":"Shading Mode"},"sceneLighting":false,"audioPlay":false,"sceneViewState":{"showFog":true,"showMaterialUpdate":false,"showSkybox":false,"showFlares":true,"showImageEffects":true,"showParticleSystems":true},"in2DMode":false,"pivot":{"x":0.0,"y":3.6132397651672365,"z":-0.000011444091796875},"rotation":{"x":0.0631411075592041,"y":-0.6971189379692078,"z":0.06184733659029007,"w":0.7115033268928528},"size":35.99275207519531,"orthographic":false}