{"cameraMode":{"drawMode":0,"name":"Shaded","section":"Shading Mode"},"sceneLighting":false,"audioPlay":false,"sceneViewState":{"showFog":true,"showMaterialUpdate":false,"showSkybox":false,"showFlares":true,"showImageEffects":true,"showParticleSystems":true},"in2DMode":false,"pivot":{"x":0.0317540168762207,"y":3.416476249694824,"z":15.193835258483887},"rotation":{"x":0.11282804608345032,"y":-0.8258338570594788,"z":0.17807318270206452,"w":0.5230655670166016},"size":8.695962905883789,"orthographic":false}