{"cameraMode":{"drawMode":0,"name":"Shaded","section":"Shading Mode"},"sceneLighting":false,"audioPlay":false,"sceneViewState":{"showFog":true,"showMaterialUpdate":false,"showSkybox":false,"showFlares":true,"showImageEffects":true,"showParticleSystems":true},"in2DMode":false,"pivot":{"x":-5.194664001464844,"y":2.376126289367676,"z":-19.31992530822754},"rotation":{"x":-0.3099013566970825,"y":0.6856430172920227,"z":-0.41602975130081179,"w":-0.5106953382492065},"size":3.9108245372772219,"orthographic":false}