{"cameraMode":{"drawMode":0,"name":"Shaded","section":"Shading Mode"},"sceneLighting":false,"audioPlay":false,"sceneViewState":{"showFog":true,"showMaterialUpdate":false,"showSkybox":false,"showFlares":true,"showImageEffects":true,"showParticleSystems":true},"in2DMode":false,"pivot":{"x":0.0,"y":11.999994277954102,"z":2.1559395790100099},"rotation":{"x":-0.0009088966180570424,"y":0.9986953139305115,"z":-0.04737170413136482,"w":-0.019181113690137864},"size":31.555837631225587,"orthographic":false}