{"cameraMode":{"drawMode":0,"name":"Shaded","section":"Shading Mode"},"sceneLighting":false,"audioPlay":false,"sceneViewState":{"showFog":true,"showMaterialUpdate":false,"showSkybox":false,"showFlares":true,"showImageEffects":true,"showParticleSystems":true},"in2DMode":false,"pivot":{"x":-0.014880180358886719,"y":2.1833267211914064,"z":-0.23167657852172852},"rotation":{"x":0.058138687163591388,"y":-0.8021821975708008,"z":0.07918885350227356,"w":0.5889424085617065},"size":10.38063907623291,"orthographic":true}